{"cameraMode":{"drawMode":0,"name":"Shaded","section":"Shading Mode"},"sceneLighting":true,"audioPlay":false,"sceneViewState":{"m_AlwaysRefresh":false,"showFog":true,"showSkybox":true,"showFlares":true,"showImageEffects":true,"showParticleSystems":true,"showVisualEffectGraphs":true,"m_FxEnabled":true},"in2DMode":false,"pivot":{"x":-0.1914115697145462,"y":-0.24406662583351136,"z":0.4955042600631714},"rotation":{"x":-0.6395475268363953,"y":-0.05817896127700806,"z":0.04863473400473595,"w":-0.7650094628334045},"size":0.8997840881347656,"orthographic":false}