{"cameraMode":{"drawMode":0,"name":"Shaded","section":"Shading Mode"},"sceneLighting":true,"audioPlay":false,"sceneViewState":{"m_AlwaysRefresh":false,"showFog":true,"showSkybox":true,"showFlares":true,"showImageEffects":true,"showParticleSystems":true,"showVisualEffectGraphs":true,"m_FxEnabled":true},"in2DMode":false,"pivot":{"x":-0.09120000153779984,"y":0.009999999776482582,"z":1.9079999923706055},"rotation":{"x":-0.663375735282898,"y":-0.03542745113372803,"z":0.03146790713071823,"w":-0.7467983365058899},"size":0.3130935728549957,"orthographic":false}